{
    "train_loss": [
        217.61043071746826,
        208.29024815559387,
        209.9842553138733,
        197.03400683403015,
        180.8477474451065,
        169.5422556400299,
        155.5205351114273,
        151.94254994392395,
        138.50660300254822,
        139.76444232463837,
        120.51875007152557,
        111.73713481426239,
        98.48863607645035,
        93.3472603559494,
        83.08576887845993,
        85.69648945331573,
        71.84931790828705,
        73.27246415615082,
        70.09155941009521,
        60.31440603733063,
        59.897469848394394,
        57.93827164173126,
        64.32166630029678,
        59.9361515045166,
        55.08352318406105,
        52.73785537481308,
        47.72696051001549,
        56.280041098594666,
        48.98625549674034,
        51.88995414972305,
        46.04325419664383,
        43.53379124403,
        42.3926562666893,
        38.73468080163002,
        40.86656963825226,
        41.77901791036129,
        50.228355556726456,
        43.34332454204559,
        40.669051855802536,
        38.59352207183838
    ],
    "val_loss": [
        53.1330087184906,
        54.43386507034302,
        51.83378553390503,
        47.25178265571594,
        42.41831946372986,
        40.695502161979675,
        37.37179100513458,
        35.26387929916382,
        37.69567275047302,
        31.651730179786682,
        33.40088963508606,
        24.560251832008362,
        21.458100080490112,
        25.011140406131744,
        21.132467806339264,
        20.14341241121292,
        18.951786637306213,
        19.485686361789703,
        16.987911105155945,
        15.057249009609222,
        15.420307666063309,
        17.413954079151154,
        14.069807827472687,
        21.494849741458893,
        15.55623584985733,
        12.56596326828003,
        17.440134346485138,
        14.451971024274826,
        12.708999574184418,
        11.76284471154213,
        11.662292420864105,
        11.869134992361069,
        10.394350558519363,
        11.494869351387024,
        10.461462885141373,
        19.75745666027069,
        13.04864451289177,
        10.292598336935043,
        13.022850722074509,
        10.62319865822792
    ],
    "train_accuracy": [
        0.095,
        0.09041666666666667,
        0.09166666666666666,
        0.12625,
        0.17833333333333334,
        0.18875,
        0.25458333333333333,
        0.2579166666666667,
        0.31916666666666665,
        0.30666666666666664,
        0.3858333333333333,
        0.4225,
        0.49541666666666667,
        0.5033333333333333,
        0.55875,
        0.5291666666666667,
        0.5983333333333334,
        0.61125,
        0.61,
        0.6654166666666667,
        0.6633333333333333,
        0.6545833333333333,
        0.6495833333333333,
        0.6595833333333333,
        0.6816666666666666,
        0.6983333333333334,
        0.7133333333333334,
        0.6833333333333333,
        0.7220833333333333,
        0.6904166666666667,
        0.7395833333333334,
        0.73875,
        0.7391666666666666,
        0.7579166666666667,
        0.745,
        0.74375,
        0.7079166666666666,
        0.7366666666666667,
        0.7445833333333334,
        0.7645833333333333
    ],
    "val_accuracy": [
        0.07666666666666666,
        0.09166666666666666,
        0.1,
        0.12,
        0.19666666666666666,
        0.20333333333333334,
        0.31333333333333335,
        0.33,
        0.30666666666666664,
        0.4116666666666667,
        0.35833333333333334,
        0.47833333333333333,
        0.5316666666666666,
        0.49166666666666664,
        0.5383333333333333,
        0.5516666666666666,
        0.575,
        0.5683333333333334,
        0.6133333333333333,
        0.665,
        0.6533333333333333,
        0.6216666666666667,
        0.695,
        0.565,
        0.6566666666666666,
        0.6983333333333334,
        0.6,
        0.6633333333333333,
        0.7033333333333334,
        0.7116666666666667,
        0.735,
        0.7233333333333334,
        0.7466666666666667,
        0.7066666666666667,
        0.745,
        0.6116666666666667,
        0.6983333333333334,
        0.7733333333333333,
        0.6933333333333334,
        0.74
    ]
}