{
    "train_loss": [
        209.89970111846924,
        177.7205936908722,
        148.9630345106125,
        125.66008937358856,
        104.35241895914078,
        88.93797987699509,
        83.5032240152359,
        73.89166635274887,
        64.37226891517639,
        55.787193447351456,
        50.99860870838165,
        42.98770359158516,
        42.775370657444,
        38.23416209220886,
        30.816839143633842,
        32.92043179273605,
        24.391231447458267,
        35.83058442175388,
        26.285625867545605,
        24.45275291800499,
        22.301151551306248,
        25.870456613600254,
        20.151650674641132,
        17.803366973996162,
        24.114885173738003,
        16.936061706393957,
        24.72703142464161,
        23.32654071599245,
        12.319966021925211,
        20.870535373687744,
        24.127077743411064,
        13.002033948898315,
        15.703136399388313,
        14.439521118998528,
        22.877868454903364,
        14.029942341148853,
        22.894310668110847,
        10.376153197139502,
        8.694851911626756,
        21.80291241593659
    ],
    "val_loss": [
        49.193763256073,
        40.60040891170502,
        38.240057587623596,
        26.072847962379456,
        24.227164447307587,
        20.03653758764267,
        23.34298551082611,
        18.354297041893005,
        16.473421692848206,
        20.080624639987946,
        12.18167695403099,
        19.17393124103546,
        10.813288182020187,
        10.126729905605316,
        9.481982678174973,
        6.906422600150108,
        6.128503277897835,
        8.046544522047043,
        8.351256802678108,
        11.14530548453331,
        6.945871740579605,
        9.530045852065086,
        5.648398108780384,
        4.249599643051624,
        5.830357730388641,
        6.782478548586369,
        11.609487563371658,
        4.800741285085678,
        5.494013089686632,
        16.765419453382492,
        4.358925718814135,
        6.347765266895294,
        4.490323960781097,
        8.781678527593613,
        5.223810978233814,
        7.966223247349262,
        6.974592864513397,
        5.1544380113482475,
        8.33985897153616,
        4.4837826192379
    ],
    "train_accuracy": [
        0.09291666666666666,
        0.19458333333333333,
        0.28375,
        0.40208333333333335,
        0.47208333333333335,
        0.55875,
        0.5729166666666666,
        0.6166666666666667,
        0.67,
        0.7258333333333333,
        0.7408333333333333,
        0.7833333333333333,
        0.78125,
        0.79625,
        0.8433333333333334,
        0.8333333333333334,
        0.875,
        0.8258333333333333,
        0.8754166666666666,
        0.8825,
        0.8845833333333334,
        0.8741666666666666,
        0.9016666666666666,
        0.9108333333333334,
        0.87875,
        0.9179166666666667,
        0.8870833333333333,
        0.8858333333333334,
        0.9429166666666666,
        0.8979166666666667,
        0.8933333333333333,
        0.94,
        0.9291666666666667,
        0.9333333333333333,
        0.9041666666666667,
        0.9283333333333333,
        0.8920833333333333,
        0.9570833333333333,
        0.965,
        0.9
    ],
    "val_accuracy": [
        0.14,
        0.24666666666666667,
        0.335,
        0.52,
        0.48,
        0.5633333333333334,
        0.5333333333333333,
        0.6516666666666666,
        0.675,
        0.6266666666666667,
        0.7516666666666667,
        0.6133333333333333,
        0.795,
        0.7833333333333333,
        0.8066666666666666,
        0.875,
        0.8733333333333333,
        0.8466666666666667,
        0.8583333333333333,
        0.7783333333333333,
        0.8733333333333333,
        0.8266666666666667,
        0.9066666666666666,
        0.9233333333333333,
        0.91,
        0.8766666666666667,
        0.78,
        0.9016666666666666,
        0.905,
        0.7383333333333333,
        0.925,
        0.8683333333333333,
        0.9233333333333333,
        0.84,
        0.9,
        0.8616666666666667,
        0.8733333333333333,
        0.9016666666666666,
        0.8433333333333334,
        0.9083333333333333
    ]
}